-- noinspection SqlDialectInspectionForFile

-- noinspection SqlNoDataSourceInspectionForFile

INSERT INTO FUNCTION_ENTRY (id, doc_url, enabled, full_name, language, library, search_name) VALUES (100, 'https://docs.oracle.com/en/java/javase/16/docs/api/java.base/java/lang/Integer.html#parseInt(java.lang.String)', TRUE,	'Integer.parseInt(String)',	'JAVA',	'LANG',	'parseint');
INSERT INTO FUNCTION_ENTRY (id, doc_url, enabled, full_name, language, library, search_name) VALUES (101, 'https://docs.python.org/3.10/library/functions.html?highlight=int#int',TRUE ,'int(string)','PYTHON','STANDARD','int');
INSERT INTO FUNCTION_ENTRY (id, doc_url, enabled, full_name, language, library, search_name) VALUES (102, 'https://docs.oracle.com/en/java/javase/17/docs/api/java.base/java/lang/Integer.html#sum(int,int)', TRUE,'Integer.sum(int, int)','JAVA','LANG','sum');
INSERT INTO FUNCTION_ENTRY (id, doc_url, enabled, full_name, language, library, search_name) VALUES (103, 'https://docs.python.org/3/library/functions.html?highlight=sum#sum', TRUE,'sum([int, int])','PYTHON','STANDARD','sum');
INSERT INTO FUNCTION_ENTRY (id, doc_url, enabled, full_name, language, library, search_name) VALUES (104, 'https://docs.oracle.com/en/java/javase/17/docs/api/java.base/java/lang/Integer.html#max(int,int)', FALSE,'Integer.max(int, int)','JAVA','LANG','max');
INSERT INTO FUNCTION_ENTRY (id, doc_url, enabled, full_name, language, library, search_name) VALUES (105, 'https://docs.python.org/3/library/functions.html?highlight=sum#max', FALSE,'max(int, int)','PYTHON','STANDARD','max');
INSERT INTO FUNCTION_ENTRY (id, doc_url, enabled, full_name, language, library, search_name) VALUES (106, 'https://docs.oracle.com/en/java/javase/17/docs/api/java.base/java/lang/Object.html#getClass()', TRUE ,'Object.getClass()','JAVA','LANG','getclass');
INSERT INTO FUNCTION_ENTRY (id, doc_url, enabled, full_name, language, library, search_name) VALUES (107, 'https://docs.python.org/3/library/functions.html#type', TRUE ,'type(object)','PYTHON','STANDARD','type');
INSERT INTO FUNCTION_ENTRY (id, doc_url, enabled, full_name, language, library, search_name) VALUES (108, 'https://docs.oracle.com/en/java/javase/17/docs/api/java.base/java/lang/String.html#length()', FALSE ,'String.length()','JAVA','LANG','length');
INSERT INTO FUNCTION_ENTRY (id, doc_url, enabled, full_name, language, library, search_name) VALUES (109, 'https://docs.python.org/3/library/functions.html#len', FALSE ,'len(string)','PYTHON','STANDARD','len');

INSERT INTO TRANSLATION (id, comment, created_on, enabled, username) VALUES (200, 'The python function not only takes string parameter, but also numbers','2021-11-26',TRUE,'superHer0');
INSERT INTO TRANSLATION (id, comment, created_on, enabled, username) VALUES (201, 'returns the sum of two int as int','2021-11-26',TRUE,'userNo2');
INSERT INTO TRANSLATION (id, comment, created_on, enabled, username) VALUES (202,  'returns the higher of two int as int','2021-11-26',FALSE,'userNo2');
INSERT INTO TRANSLATION (id, comment, created_on, enabled, username) VALUES (203,  'returns the type of the object. Javas getClass does not work with primitive data types.','2021-11-26',TRUE,'admin');
INSERT INTO TRANSLATION (id, comment, created_on, enabled, username) VALUES (204,  'returns the length of of a String as int','2021-11-26',FALSE,'admin');
INSERT INTO TRANSLATION (id, comment, created_on, enabled, username) VALUES (205,  'yesyes','2021-11-26',FALSE,'userNo2');
INSERT INTO TRANSLATION (id, comment, created_on, enabled, username) VALUES (206,  'nono','2021-11-26',TRUE,'userNo2');

INSERT INTO TRANSLATION_FUNCTIONS(translation_id, functions_id) VALUES (200,100);
INSERT INTO TRANSLATION_FUNCTIONS(translation_id, functions_id) VALUES (200,101);
INSERT INTO TRANSLATION_FUNCTIONS(translation_id, functions_id) VALUES (201,102);
INSERT INTO TRANSLATION_FUNCTIONS(translation_id, functions_id) VALUES (201,103);
INSERT INTO TRANSLATION_FUNCTIONS(translation_id, functions_id) VALUES (202,104);
INSERT INTO TRANSLATION_FUNCTIONS(translation_id, functions_id) VALUES (202,105);
INSERT INTO TRANSLATION_FUNCTIONS(translation_id, functions_id) VALUES (203,106);
INSERT INTO TRANSLATION_FUNCTIONS(translation_id, functions_id) VALUES (203,107);
INSERT INTO TRANSLATION_FUNCTIONS(translation_id, functions_id) VALUES (204,108);
INSERT INTO TRANSLATION_FUNCTIONS(translation_id, functions_id) VALUES (204,109);
INSERT INTO TRANSLATION_FUNCTIONS(translation_id, functions_id) VALUES (205,109);
INSERT INTO TRANSLATION_FUNCTIONS(translation_id, functions_id) VALUES (205,100);
INSERT INTO TRANSLATION_FUNCTIONS(translation_id, functions_id) VALUES (206,100);
INSERT INTO TRANSLATION_FUNCTIONS(translation_id, functions_id) VALUES (206,102);


INSERT INTO USER (id, created_on, IS_ACCOUNT_NON_EXPIRED, IS_ACCOUNT_NON_LOCKED, IS_CREDENTIALS_NON_EXPIRED, IS_ENABLED, PASSWORD, USERNAME) VALUES (100, '2021-11-26', TRUE, TRUE, TRUE, TRUE, '$2a$10$BHcncCFyzMdCdvDJ89lBwe/AEYdPbRKXjPvYNkhdzSU50S/OVArqW', 'superHer0');
INSERT INTO USER (id, created_on, IS_ACCOUNT_NON_EXPIRED, IS_ACCOUNT_NON_LOCKED, IS_CREDENTIALS_NON_EXPIRED, IS_ENABLED, PASSWORD, USERNAME) VALUES (500, '2021-11-26', TRUE, TRUE, TRUE, TRUE, '$2a$10$BHcncCFyzMdCdvDJ89lBwe/AEYdPbRKXjPvYNkhdzSU50S/OVArqW', 'userNo2');
INSERT INTO USER (id, created_on, IS_ACCOUNT_NON_EXPIRED, IS_ACCOUNT_NON_LOCKED, IS_CREDENTIALS_NON_EXPIRED, IS_ENABLED, PASSWORD, USERNAME) VALUES (1200, '2021-11-26', TRUE, TRUE, TRUE, TRUE, '$2a$10$BHcncCFyzMdCdvDJ89lBwe/AEYdPbRKXjPvYNkhdzSU50S/OVArqW', 'admin');

INSERT INTO USER_GRANTED_AUTHORITIES (user_id, granted_authorities)VALUES (1200, 'aced0005737200426f72672e737072696e676672616d65776f726b2e73656375726974792e636f72652e617574686f726974792e53696d706c654772616e746564417574686f7269747900000000000002260200014c0004726f6c657400124c6a6176612f6c616e672f537472696e673b7870740011636f6e7472696275746f723a7772697465' );
INSERT INTO USER_GRANTED_AUTHORITIES (user_id, granted_authorities) VALUES (1200, 'aced0005737200426f72672e737072696e676672616d65776f726b2e73656375726974792e636f72652e617574686f726974792e53696d706c654772616e746564417574686f7269747900000000000002260200014c0004726f6c657400124c6a6176612f6c616e672f537472696e673b78707400117472616e736c6174696f6e733a72656164');
INSERT INTO USER_GRANTED_AUTHORITIES (user_id, granted_authorities) VALUES (1200, 'aced0005737200426f72672e737072696e676672616d65776f726b2e73656375726974792e636f72652e617574686f726974792e53696d706c654772616e746564417574686f7269747900000000000002260200014c0004726f6c657400124c6a6176612f6c616e672f537472696e673b78707400137472616e736c6174696f6e733a757064617465');
INSERT INTO USER_GRANTED_AUTHORITIES (user_id, granted_authorities) VALUES (1200, 'aced0005737200426f72672e737072696e676672616d65776f726b2e73656375726974792e636f72652e617574686f726974792e53696d706c654772616e746564417574686f7269747900000000000002260200014c0004726f6c657400124c6a6176612f6c616e672f537472696e673b7870740010636f6e7472696275746f723a72656164');
INSERT INTO USER_GRANTED_AUTHORITIES (user_id, granted_authorities) VALUES (1200, 'aced0005737200426f72672e737072696e676672616d65776f726b2e73656375726974792e636f72652e617574686f726974792e53696d706c654772616e746564417574686f7269747900000000000002260200014c0004726f6c657400124c6a6176612f6c616e672f537472696e673b787074000a524f4c455f41444d494e');
INSERT INTO USER_GRANTED_AUTHORITIES (user_id, granted_authorities) VALUES (1200, 'aced0005737200426f72672e737072696e676672616d65776f726b2e73656375726974792e636f72652e617574686f726974792e53696d706c654772616e746564417574686f7269747900000000000002260200014c0004726f6c657400124c6a6176612f6c616e672f537472696e673b78707400127472616e736c6174696f6e733a7772697465');
INSERT INTO USER_GRANTED_AUTHORITIES (user_id, granted_authorities) VALUES (1200, 'aced0005737200426f72672e737072696e676672616d65776f726b2e73656375726974792e636f72652e617574686f726974792e53696d706c654772616e746564417574686f7269747900000000000002260200014c0004726f6c657400124c6a6176612f6c616e672f537472696e673b7870740012636f6e7472696275746f723a757064617465');
INSERT INTO USER_GRANTED_AUTHORITIES (user_id, granted_authorities) VALUES (100, 'aced0005737200426f72672e737072696e676672616d65776f726b2e73656375726974792e636f72652e617574686f726974792e53696d706c654772616e746564417574686f7269747900000000000002260200014c0004726f6c657400124c6a6176612f6c616e672f537472696e673b78707400117472616e736c6174696f6e733a72656164');
INSERT INTO USER_GRANTED_AUTHORITIES (user_id, granted_authorities) VALUES (100, 'aced0005737200426f72672e737072696e676672616d65776f726b2e73656375726974792e636f72652e617574686f726974792e53696d706c654772616e746564417574686f7269747900000000000002260200014c0004726f6c657400124c6a6176612f6c616e672f537472696e673b7870740010636f6e7472696275746f723a72656164');
INSERT INTO USER_GRANTED_AUTHORITIES (user_id, granted_authorities) VALUES (100, 'aced0005737200426f72672e737072696e676672616d65776f726b2e73656375726974792e636f72652e617574686f726974792e53696d706c654772616e746564417574686f7269747900000000000002260200014c0004726f6c657400124c6a6176612f6c616e672f537472696e673b7870740010524f4c455f434f4e5452494255544f52');
INSERT INTO USER_GRANTED_AUTHORITIES (user_id, granted_authorities) VALUES (100, 'aced0005737200426f72672e737072696e676672616d65776f726b2e73656375726974792e636f72652e617574686f726974792e53696d706c654772616e746564417574686f7269747900000000000002260200014c0004726f6c657400124c6a6176612f6c616e672f537472696e673b7870740012636f6e7472696275746f723a757064617465');
INSERT INTO USER_GRANTED_AUTHORITIES (user_id, granted_authorities) VALUES (100, 'aced0005737200426f72672e737072696e676672616d65776f726b2e73656375726974792e636f72652e617574686f726974792e53696d706c654772616e746564417574686f7269747900000000000002260200014c0004726f6c657400124c6a6176612f6c616e672f537472696e673b78707400127472616e736c6174696f6e733a7772697465');
INSERT INTO USER_GRANTED_AUTHORITIES (user_id, granted_authorities) VALUES (500, 'aced0005737200426f72672e737072696e676672616d65776f726b2e73656375726974792e636f72652e617574686f726974792e53696d706c654772616e746564417574686f7269747900000000000002260200014c0004726f6c657400124c6a6176612f6c616e672f537472696e673b78707400117472616e736c6174696f6e733a72656164');
INSERT INTO USER_GRANTED_AUTHORITIES (user_id, granted_authorities) VALUES (500, 'aced0005737200426f72672e737072696e676672616d65776f726b2e73656375726974792e636f72652e617574686f726974792e53696d706c654772616e746564417574686f7269747900000000000002260200014c0004726f6c657400124c6a6176612f6c616e672f537472696e673b7870740010636f6e7472696275746f723a72656164');
INSERT INTO USER_GRANTED_AUTHORITIES (user_id, granted_authorities) VALUES (500, 'aced0005737200426f72672e737072696e676672616d65776f726b2e73656375726974792e636f72652e617574686f726974792e53696d706c654772616e746564417574686f7269747900000000000002260200014c0004726f6c657400124c6a6176612f6c616e672f537472696e673b7870740010524f4c455f434f4e5452494255544f52');
INSERT INTO USER_GRANTED_AUTHORITIES (user_id, granted_authorities) VALUES (500, 'aced0005737200426f72672e737072696e676672616d65776f726b2e73656375726974792e636f72652e617574686f726974792e53696d706c654772616e746564417574686f7269747900000000000002260200014c0004726f6c657400124c6a6176612f6c616e672f537472696e673b7870740012636f6e7472696275746f723a757064617465');
INSERT INTO USER_GRANTED_AUTHORITIES (user_id, granted_authorities) VALUES (500, 'aced0005737200426f72672e737072696e676672616d65776f726b2e73656375726974792e636f72652e617574686f726974792e53696d706c654772616e746564417574686f7269747900000000000002260200014c0004726f6c657400124c6a6176612f6c616e672f537472696e673b78707400127472616e736c6174696f6e733a7772697465');
